folder,name,initials
/MUSICIANS/A/Agemixer/,Ari Yliaho,AY
/MUSICIANS/A/Ajitek/,Alex Iadicicco,AI
/MUSICIANS/A/Almered_Per/,Per Almered,PA
/MUSICIANS/A/Ames_John/,John Ames,JA
/MUSICIANS/A/Artlace/,Artúr Bujdosó,AB
/MUSICIANS/A/Ashrilyn/,Justin Blase,JB
/MUSICIANS/A/Audial_Arts/Pasch_Ronny/,Ronny Pasch,RP
/MUSICIANS/B/Baldwin_Neil/,Neil Baldwin,NB
/MUSICIANS/B/Bayliss_Richard/,Richard Bayliss,RB
/MUSICIANS/B/Behdad_Arman/,Arman Behdad,AB
/MUSICIANS/B/Benedens_Oliver/,Oliver Benedens,OB
/MUSICIANS/B/Biasillo_Gary/,Gary Biasillo,GB
/MUSICIANS/B/Bjerregaard_Johannes/,Johannes Bjerregaard,
/MUSICIANS/B/Blues_Muz/Gallefoss_Glenn/,Glenn Rune Gallefoss,GRG
/MUSICIANS/B/Blues_Muz/Nordboe_Kjell/,Kjell Nordboe,KN
/MUSICIANS/B/Blues_Muz/Roestoeen_Kristian/,Kristian Røstøen,KR
/MUSICIANS/B/BOGG/,Graham Marsh,BOGG
/MUSICIANS/B/Booker/,Marcin Kubica,MK
/MUSICIANS/B/Brennan_Neil/,Neil Brennan,NB
/MUSICIANS/B/Brimble_Allister/,Allister Brimble,AB
/MUSICIANS/B/Brooke_Jason/,Jason Brooke,JB
/MUSICIANS/B/Bzyk/,Piotr Baczkiewicz,PB
/MUSICIANS/C/Cannon_Matthew/,Matthew Cannon,MC
/MUSICIANS/C/Chiummo_Aldo/,Aldo Chiummo,AC
/MUSICIANS/C/Chiummo_Gaetano/,Gaetano Chiummo,GC
/MUSICIANS/C/Clarke_Peter/,Peter Clarke,PC
/MUSICIANS/C/Cooksey_Mark/,Mark Cooksey,MC
/MUSICIANS/C/CreaMD/,Roman Chlebec,RC
/MUSICIANS/C/Cross_Saul/,Saul Cross,SC
/MUSICIANS/C/Crowley_Owen/,Owen Crowley,OC
/MUSICIANS/C/Cube/,Toni Lönnberg,TL
/MUSICIANS/D/Daglish_Ben/,Ben Daglish,BD
/MUSICIANS/D/Dalezy/,Ronny Engmann,RE
/MUSICIANS/D/Danko_Tomas/,Tomas Danko,TD
/MUSICIANS/D/Deek/,Richard Rinn,RR
/MUSICIANS/D/Deenen_Charles/,Charles Deenen,CD
/MUSICIANS/D/Detert_Thomas/,Thomas Detert,TD
/MUSICIANS/D/Donne_Marcel/,Marcel Donné,
/MUSICIANS/D/DRAX/,Thomas Mogensen,DRAX
/MUSICIANS/D/Dunn_David/,David Dunn,JD
/MUSICIANS/D/Dunn_Jonathan/,Jonathan Dunn,
/MUSICIANS/E/ELA/,Eric Ardem,ELA
/MUSICIANS/F/Fame/Hendriks_Michael/,Michael Hendriks,MH
/MUSICIANS/F/Fanta/,Alexander Rotzsch,AR
/MUSICIANS/F/FCS/,Juha Granberg,FCS
/MUSICIANS/F/Feil_Georg/,Georg Feil,GF
/MUSICIANS/F/Ferrara/,Toni Cavén,TC
/MUSICIANS/F/Follin_Geoff/,Geoff Follin,GF
/MUSICIANS/F/Follin_Tim/,Tim Follin,TF
/MUSICIANS/G/Galancy/,Jari Ukkola,JU
/MUSICIANS/G/Galway_Martin/,Martin Galway,MG
/MUSICIANS/G/Gantar_Peter/,Peter Gantar,PG
/MUSICIANS/G/Gehrmann_Holger/,Holger Gehrmann,HG
/MUSICIANS/G/Geijer_Leif/,Leif Geijer,LG
/MUSICIANS/G/Gilmore_Adam/,Adam Gilmore,AG
/MUSICIANS/G/Gray_Fred/,Fred Gray,FG
/MUSICIANS/G/Gray_Matt/,Matt Gray,MDG
/MUSICIANS/H/Hannula_Antti/,Antti Hannula,AH
/MUSICIANS/H/Hartwig_Stefan/,Stefan Hartwig,
/MUSICIANS/H/Hermit/,Mihály Horváth,MH
/MUSICIANS/H/Highway_Guy/,Liam Fay,LF
/MUSICIANS/H/Hoernell_Karl/,Karl Hörnell,KH
/MUSICIANS/H/Hoffmann_Michal/,Michal Hoffmann,MH
/MUSICIANS/H/Holt_Hein/,Hein Holt,HH
/MUSICIANS/H/Hubbard_Rob/,Rob Hubbard,RH
/MUSICIANS/H/Huelsbeck_Chris/,Chris Hülsbeck,CH
/MUSICIANS/J/JCH/,Jens-Christian Huus,JCH
/MUSICIANS/J/Joseph_Richard/,Richard Joseph,RJ
/MUSICIANS/J/Julian_Jaymz/,Jaymz Julian,JJ
/MUSICIANS/J/Juzdie/,Jussi Hannula,JH
/MUSICIANS/K/Kawasaki_Ryo/,Ryo Kawasaki,RK
/MUSICIANS/K/KB/,Tammo Hinrichs,KB
/MUSICIANS/K/Khugiani_Naveed/,Naveed Khugiani,NK
/MUSICIANS/K/Klaewer_Oliver/,Oliver Klaewer,OK
/MUSICIANS/L/Legg_Stephen/,Stephen Legg,SL
/MUSICIANS/L/Leitch_Barry/,Barry Leitch,BL
/MUSICIANS/L/Lft/,Linus Åkesson,LA
/MUSICIANS/L/Linus/,Sascha Zeidler,SZ
/MUSICIANS/L/Luca/,Luca Carrafiello,LC
/MUSICIANS/L/Lyon_Legend/,Patrick Ceuppens,PC
/MUSICIANS/M/Merman/,Andrew Fisher,AF
/MUSICIANS/M/Metal/,Torben Hansen,TH
/MUSICIANS/M/Mitch_and_Dane/,Stellan Andersson,SA
/MUSICIANS/M/Monk/,Antti Mäkynen,AM
/MUSICIANS/M/Mr_Mouse/,Michael Zuurman,MZ
/MUSICIANS/M/Mueller_Markus/,Markus Mueller,MM
/MUSICIANS/N/Nebula/,Wolfgang Reszel,WR
/MUSICIANS/N/NecroPolo/,Péter Nagy-Miklós,NP
/MUSICIANS/N/Nilsen_Ronny/,Ronny Nilsen,RN
/MUSICIANS/N/Nordic_Beat/Matrix/,Daniel Hansson,DH
/MUSICIANS/N/Norman_Paul/,Paul Norman,
/MUSICIANS/O/Oedipus/,Borgar Thorsteinsson,BT
/MUSICIANS/O/Omoroca/,Kim Homann,KH
/MUSICIANS/O/Ouwehand_Reyn/,Reyn Ouwehand,RO
/MUSICIANS/P/Paco/,Ádám Papp,AP
/MUSICIANS/P/Page_Jason/,Jason Page,JP
/MUSICIANS/P/Pedersen_Inge/,Inge H. Pedersen,IP
/MUSICIANS/P/Pegmode/,Dan Chu,DC
/MUSICIANS/P/Phobos/,Krzysztof Malczewski,KM
/MUSICIANS/P/Professor_Chaos/,Sebastian Sprenger,SS
/MUSICIANS/P/Prosonix/Pedersen_Stein/,Stein Pedersen,SP
/MUSICIANS/P/PseudoGrafx/,Zdenek Eisenhammer,ZE
/MUSICIANS/P/PVCF/,Kai Walter,PVCF
/MUSICIANS/R/Raeburn_Gavin/,Gavin Raeburn,GR
/MUSICIANS/R/Raf/,Rafal Szyja,RS
/MUSICIANS/R/Riot/,David Dewar,DD
/MUSICIANS/R/Rock/,Sami Seppä,SS
/MUSICIANS/R/Rodger_Andrew/,Andrew Rodger,AR
/MUSICIANS/R/Rosenschein_Fabian/,Fabian Rosenschein,FR
/MUSICIANS/S/Sanden_Peter/,Peter Sanden,PS
/MUSICIANS/S/Scarzix/,Carsten Berggreen,CB
/MUSICIANS/S/Schmidt_Miron/,Miron Schmidt,
/MUSICIANS/S/Schneider_Markus/,Markus Schneider,MS
/MUSICIANS/S/Sgw32/,Fedor Zagumennov,FZ
/MUSICIANS/S/Sidder/,Marcin Romanowski,MR
/MUSICIANS/S/SIDwave/,Jan Harries ,JH
/MUSICIANS/S/Siebold_Markus/,Markus Siebold,
/MUSICIANS/S/SLC/Sidewinder/,Tom Roger Skauen,TRS;TS
/MUSICIANS/S/SoedeSoft/,Michiel Soede,MS
/MUSICIANS/S/Sonic_Graffiti/Hayes_Ben/,Ben Hayes,BH
/MUSICIANS/S/Stainless_Steel/,Joe Barwick,JB
/MUSICIANS/T/Tait_Mark/,Mark Tait,MT
/MUSICIANS/T/Taylor_Stuart/,Stuart Taylor,ST
/MUSICIANS/T/TBB/,TBB,TBB
/MUSICIANS/T/TC/,Timur Baysal,TC
/MUSICIANS/T/Tel_Jeroen/,Jeroen Tel,JT
/MUSICIANS/T/The_Syndrom/,Matthias Hartung,The Syndrom
/MUSICIANS/T/Tidstrand_Ulf/,Ulf Tidstrand,TU
/MUSICIANS/T/Tjelta_Geir/,Geir Tjelta,GT
/MUSICIANS/T/TLF/,Chris Lightfoot,TLF
/MUSICIANS/T/TMR/,Jason Kelk,JK
/MUSICIANS/T/Tognon_Stefano/,Stefano Tognon,ST
/MUSICIANS/T/Tonal_Teapot/,Teapot Tonal,TT
/MUSICIANS/T/Top_Secret/,Rastislav Smutný,RS
/MUSICIANS/T/Trident/,Adam Dunkels,AD
/MUSICIANS/T/Tron_Olsson_Mikael/,Olsson Mikael Tron,MOT
/MUSICIANS/T/TSM/,Carmine Migliaccio,CM
/MUSICIANS/V/V-12/,Pawel Ruczko,PR
/MUSICIANS/V/Vaca_Ramiro/,Ramiro Vaca,
/MUSICIANS/V/Vincenzo/,László Vincze,LV
/MUSICIANS/V/Voois_Vincent/,Vincent Voois,VV
/MUSICIANS/W/Wacek/,Adam Waclawski,AW
/MUSICIANS/W/Waz/,Warren Pilkington,WP
/MUSICIANS/W/WG/,Wouter Groothengel,WG
/MUSICIANS/W/Whittaker_David/,David Whittaker,DW
/MUSICIANS/W/Wijnhoven_Joachim/,Joachim Wijnhoven,JW
/MUSICIANS/W/Wilson_Mark/,Mark Wilson,MW
/MUSICIANS/W/Wisdom/,Huseyin Kilic,HK
/MUSICIANS/X/Xonic_the_Fox/,Roy Digre,RD
/MUSICIANS/Z/Zyron/,Johan Åstrand,JÅ
